<?xml version="1.0" encoding="UTF-8" ?>
<module>
    <name>tvcmsmultibanner2</name>
    <displayName><![CDATA[ThemeVolty - MultiBanner2]]></displayName>
    <version><![CDATA[4.0.0]]></version>
    <description><![CDATA[This is Show Multi-Banner2 in Front Side]]></description>
    <author><![CDATA[ThemeVolty]]></author>
    <tab><![CDATA[front_office_features]]></tab>
	<confirmUninstall><![CDATA[Warning: all the data saved in your database will be deleted. Are you sure you want uninstall this module?]]></confirmUninstall>
    <is_configurable>1</is_configurable>
    <need_instance>0</need_instance>
	<limited_countries></limited_countries>
</module>